Prompt_Number,Category,Solution_ID,Solution_Name,Problem_Name,Midjourney_Image_URL,Status,Notes
1,Home Organization,adhesive-wall-hooks,Adhesive Wall Hooks,Rental Restrictions – Can't Drill or Make Permanent Changes,,pending,
2,Home Organization,tension-rod-storage,Tension Rod Storage Systems,Rental Restrictions – Can't Drill or Make Permanent Changes,,pending,
3,Home Organization,freestanding-shelves,Freestanding Shelving Units,Rental Restrictions – Can't Drill or Make Permanent Changes,,pending,
4,Home Organization,over-door-organizers,Over-Door Organizers,Rental Restrictions – Can't Drill or Make Permanent Changes,,pending,
5,Home Organization,toy-storage-bins,Toy Storage Bins with Labels,Kids' Toys Taking Over the House,,pending,
6,Home Organization,toy-rotation-storage,Toy Rotation System Storage,Kids' Toys Taking Over the House,,pending,
7,Home Organization,wall-mounted-toy-storage,Wall-Mounted Toy Storage,Kids' Toys Taking Over the House,,pending,
8,Home Organization,multi-compartment-organizer,Multi-Compartment Toy Organizer,Kids' Toys Taking Over the House,,pending,
9,Home Organization,entryway-bench-storage,Entryway Bench with Shoe Storage,Entryway Chaos – Shoes Coats Keys and Mail Piling Up,,pending,
10,Home Organization,wall-key-mail-organizer,Wall Key/Mail Organizer,Entryway Chaos – Shoes Coats Keys and Mail Piling Up,,pending,
11,Home Organization,over-door-shoe-rack,Over-Door Shoe Rack,Entryway Chaos – Shoes Coats Keys and Mail Piling Up,,pending,
12,Home Organization,coat-hooks-shelf,Coat Hooks with Shelf,Entryway Chaos – Shoes Coats Keys and Mail Piling Up,,pending,
13,Home Organization,velvet-hangers,Slim Velvet Hangers,Closet Overflow – Not Enough Space Clothes Falling Off,,pending,
14,Home Organization,closet-shelf-dividers,Closet Shelf Dividers,Closet Overflow – Not Enough Space Clothes Falling Off,,pending,
15,Home Organization,double-hang-rod,Double Hang Closet Rod,Closet Overflow – Not Enough Space Clothes Falling Off,,pending,
16,Home Organization,hanging-closet-shelves,Hanging Closet Organizer Shelves,Closet Overflow – Not Enough Space Clothes Falling Off,,pending,
17,Home Organization,vacuum-storage-bags,Vacuum Storage Bags,Seasonal Items with Nowhere to Go,,pending,
18,Home Organization,under-bed-storage,Under-Bed Storage Containers,Seasonal Items with Nowhere to Go,,pending,
19,Home Organization,stackable-totes,Stackable Storage Totes,Seasonal Items with Nowhere to Go,,pending,
20,Kitchen,over-sink-cutting-board,Over-the-Sink Cutting Board,No Counter Space for Food Prep,,pending,
21,Kitchen,rolling-kitchen-cart,Rolling Kitchen Cart,No Counter Space for Food Prep,,pending,
22,Kitchen,fold-down-table,Wall-Mounted Fold-Down Table,No Counter Space for Food Prep,,pending,
23,Kitchen,counter-shelf-riser,Counter Shelf Riser,No Counter Space for Food Prep,,pending,
24,Kitchen,counter-shelf-organizer,Counter Shelf Organizer,Kitchen Counter Clutter – Too Many Items on Counter,,pending,
25,Kitchen,appliance-garage,Appliance Garage/Cover,Kitchen Counter Clutter – Too Many Items on Counter,,pending,
26,Kitchen,under-cabinet-hooks,Under-Cabinet Hooks & Storage,Kitchen Counter Clutter – Too Many Items on Counter,,pending,
27,Kitchen,wall-mounted-organizer,Wall-Mounted Kitchen Organizer,Kitchen Counter Clutter – Too Many Items on Counter,,pending,
28,Kitchen,corner-shelf-organizer,Corner Counter Shelf,Kitchen Counter Clutter – Too Many Items on Counter,,pending,
29,Kitchen,tiered-counter-organizer,Tiered Counter Organizer,Kitchen Counter Clutter – Too Many Items on Counter,,pending,
30,Kitchen,clear-food-containers,Clear Airtight Food Containers,Pantry Chaos & Forgotten Expired Food,,pending,
31,Kitchen,lazy-susan,Cabinet Lazy Susan Turntable,Pantry Chaos & Forgotten Expired Food,,pending,
32,Kitchen,pull-out-organizer,Pull-Out Cabinet Organizer,Pantry Chaos & Forgotten Expired Food,,pending,
33,Kitchen,tiered-shelf-riser,Tiered Shelf Riser,Pantry Chaos & Forgotten Expired Food,,pending,
34,Kitchen,lid-organizer,Lid Organizer Rack,Tupperware/Food Container Lid Avalanche,,pending,
35,Kitchen,container-drawer-dividers,Container Drawer Dividers,Tupperware/Food Container Lid Avalanche,,pending,
36,Kitchen,pull-out-container-bin,Pull-Out Container Bin,Tupperware/Food Container Lid Avalanche,,pending,
37,Kitchen,expandable-under-sink-shelf,Expandable Under-Sink Shelf,Under-Sink Cabinet Mess,,pending,
38,Kitchen,tension-rod-spray-bottles,Tension Rod for Spray Bottles,Under-Sink Cabinet Mess,,pending,
39,Kitchen,pull-out-under-sink-caddy,Pull-Out Under-Sink Caddy,Under-Sink Cabinet Mess,,pending,
40,Kitchen,cabinet-door-organizer,Cabinet Door Organizer,Under-Sink Cabinet Mess,,pending,
41,Kitchen,over-sink-dish-rack,Over-the-Sink Dish Rack,No Space for Dish Drying,,pending,
42,Kitchen,collapsible-dish-rack,Collapsible Dish Rack,No Space for Dish Drying,,pending,
43,Kitchen,roll-up-drying-mat,Roll-Up Sink Drying Mat,No Space for Dish Drying,,pending,
44,Kitchen,two-tier-dish-rack,Two-Tier Dish Rack,No Space for Dish Drying,,pending,
45,Home Office,under-desk-cable-tray,Under-Desk Cable Tray,Tangled Cable Mess Under/Behind Desk,,pending,
46,Home Office,cable-management-sleeve,Cable Management Sleeve,Tangled Cable Mess Under/Behind Desk,,pending,
47,Home Office,cable-clips-velcro,Cable Clips & Velcro Straps,Tangled Cable Mess Under/Behind Desk,,pending,
48,Home Office,cable-management-box,Cable Management Box,Tangled Cable Mess Under/Behind Desk,,pending,
49,Home Office,ergonomic-chair,Ergonomic Office Chair,Back/Neck Pain from Poor WFH Setup,,pending,
50,Home Office,laptop-stand,Laptop Stand/Riser,Back/Neck Pain from Poor WFH Setup,,pending,
51,Home Office,monitor-arm,Monitor Arm Mount,Back/Neck Pain from Poor WFH Setup,,pending,
52,Home Office,wrist-rest,Keyboard/Mouse Wrist Rest,Back/Neck Pain from Poor WFH Setup,,pending,
53,Home Office,desktop-organizer,Desktop Organizer with Drawers,Cluttered Desk / No Space for Everything,,pending,
54,Home Office,monitor-stand-storage,Monitor Stand with Storage,Cluttered Desk / No Space for Everything,,pending,
55,Home Office,desk-shelf-riser,Desk Shelf Riser,Cluttered Desk / No Space for Everything,,pending,
56,Home Office,room-divider,Room Divider Screen,Messy Video Call Background,,pending,
57,Home Office,video-backdrop,Video Call Backdrop Panel,Messy Video Call Background,,pending,
58,Home Office,green-screen,Collapsible Green Screen,Messy Video Call Background,,pending,
59,Home Office,wall-mounted-desk,Folding Wall-Mounted Desk,No Dedicated Office Space / Small Apartment,,pending,
60,Home Office,corner-desk,Corner Desk Compact,No Dedicated Office Space / Small Apartment,,pending,
61,Home Office,desk-with-storage,Desk with Built-in Storage,No Dedicated Office Space / Small Apartment,,pending,
62,Living Room,foam-insert,High-Density Foam Insert,Saggy/Flat Couch Cushions,,pending,
63,Living Room,cushion-support-board,Cushion Support Insert/Board,Saggy/Flat Couch Cushions,,pending,
64,Living Room,fiberfill-stuffing,Polyester Fiberfill Stuffing,Saggy/Flat Couch Cushions,,pending,
65,Living Room,cushion-wrap,Cushion Wrap/Batting,Saggy/Flat Couch Cushions,,pending,
66,Living Room,pet-proof-slipcover,Pet-Proof Couch Slipcover,Pet-Damaged/Stained Furniture,,pending,
67,Living Room,scratch-protector,Scratch-Resistant Furniture Protector,Pet-Damaged/Stained Furniture,,pending,
68,Living Room,waterproof-pet-blanket,Waterproof Pet Blanket/Throw,Pet-Damaged/Stained Furniture,,pending,
69,Living Room,cable-raceway,Cable Raceway/Cover Kit,TV Cables Visible/Messy,,pending,
70,Living Room,in-wall-cable-kit,In-Wall Cable Management Kit,TV Cables Visible/Messy,,pending,
71,Living Room,tv-stand-cable-management,TV Stand with Cable Management,TV Cables Visible/Messy,,pending,
72,Living Room,apartment-size-sofa,Apartment-Size Sofa,Small Living Room / Oversized Furniture,,pending,
73,Living Room,nesting-tables,Nesting Coffee Tables,Small Living Room / Oversized Furniture,,pending,
74,Living Room,storage-ottoman,Storage Ottoman,Small Living Room / Oversized Furniture,,pending,
75,Living Room,storage-coffee-table,Storage Coffee Table,No Living Room Storage / Clutter Everywhere,,pending,
76,Living Room,fabric-storage-cubes,Fabric Storage Cubes/Bins,No Living Room Storage / Clutter Everywhere,,pending,
77,Living Room,console-table-shelves,Console Table with Shelves,No Living Room Storage / Clutter Everywhere,,pending,
78,Living Room,storage-ottoman-cube,Ottoman with Storage,No Living Room Storage / Clutter Everywhere,,pending,
79,Bedroom,blackout-curtains,Blackout Curtains,Light Disrupting Sleep – Can't Block Outside Light,,pending,
80,Bedroom,sleep-mask,Sleep Eye Mask,Light Disrupting Sleep – Can't Block Outside Light,,pending,
81,Bedroom,blackout-window-film,Blackout Window Film,Light Disrupting Sleep – Can't Block Outside Light,,pending,
82,Bedroom,curtain-light-blockers,Curtain Gap Light Blockers,Light Disrupting Sleep – Can't Block Outside Light,,pending,
83,Bedroom,white-noise-machine,White Noise Machine,Noise Keeping You Awake,,pending,
84,Bedroom,sleep-earplugs,Noise Reducing Earplugs,Noise Keeping You Awake,,pending,
85,Bedroom,soundproof-curtains,Sound Dampening Curtains,Noise Keeping You Awake,,pending,
86,Bedroom,storage-bed-frame,Bed Frame with Built-In Storage,Small Bedroom – No Room for Furniture or Storage,,pending,
87,Bedroom,bed-risers,Bed Risers for Under-Bed Storage,Small Bedroom – No Room for Furniture or Storage,,pending,
88,Bedroom,floating-nightstand,Floating Nightstand,Small Bedroom – No Room for Furniture or Storage,,pending,
89,Bedroom,over-bed-storage,Over-Bed Storage Shelf,Small Bedroom – No Room for Furniture or Storage,,pending,
90,Bedroom,clothes-valet,Clothes Valet Stand,Clothes Everywhere – No System for Worn-Once Items,,pending,
91,Bedroom,over-door-clothes-hooks,Over-Door Clothes Hooks,Clothes Everywhere – No System for Worn-Once Items,,pending,
92,Bedroom,decorative-ladder,Decorative Ladder Rack,Clothes Everywhere – No System for Worn-Once Items,,pending,
93,Bedroom,freestanding-clothes-rack,Freestanding Clothes Rack,Clothes Everywhere – No System for Worn-Once Items,,pending,
94,Bedroom,bedside-caddy,Bedside Caddy/Pocket Organizer,No Nightstand Space for Essentials,,pending,
95,Bedroom,clip-on-bed-shelf,Clip-On Bed Shelf,No Nightstand Space for Essentials,,pending,
96,Bedroom,adhesive-wall-pocket,Adhesive Wall Pocket,No Nightstand Space for Essentials,,pending,
97,Bedroom,c-table,C-Table/Slide Under Sofa Table,No Nightstand Space for Essentials,,pending,
98,Bathroom,adhesive-shower-shelf,Adhesive Mount Shower Shelf,Shower Caddy Keeps Falling,,pending,
99,Bathroom,tension-pole-caddy,Tension Pole Shower Caddy,Shower Caddy Keeps Falling,,pending,
100,Bathroom,hanging-showerhead-caddy,Hanging Over-Showerhead Caddy with Grip,Shower Caddy Keeps Falling,,pending,
101,Bathroom,corner-shower-shelf,Shower Corner Shelf (Permanent),Shower Caddy Keeps Falling,,pending,
102,Bathroom,wall-medicine-cabinet,Wall-Mounted Medicine Cabinet,No Medicine Cabinet/Vanity Storage,,pending,
103,Bathroom,slim-bathroom-cabinet,Slim Freestanding Cabinet,No Medicine Cabinet/Vanity Storage,,pending,
104,Bathroom,over-door-bathroom-organizer,Over-Door Hanging Organizer,No Medicine Cabinet/Vanity Storage,,pending,
105,Bathroom,countertop-toiletry-organizer,Countertop Makeup/Toiletry Organizer,No Medicine Cabinet/Vanity Storage,,pending,
106,Bathroom,over-toilet-shelf,Over-the-Toilet Shelving Unit,Wasted Space Above Toilet,,pending,
107,Bathroom,bathroom-floating-shelves,Floating Shelves,Wasted Space Above Toilet,,pending,
108,Bathroom,over-toilet-cabinet,Over-the-Toilet Cabinet,Wasted Space Above Toilet,,pending,
109,Bathroom,bathroom-ladder-shelf,Ladder Shelf Unit,Wasted Space Above Toilet,,pending,
110,Bathroom,stackable-bathroom-bins,Stackable Storage Bins,Under-Sink Bathroom Cabinet Chaos,,pending,
111,Bathroom,two-tier-under-sink,Two-Tier Under-Sink Organizer,Under-Sink Bathroom Cabinet Chaos,,pending,
112,Bathroom,pull-out-bathroom-drawers,Pull-Out Bathroom Drawers,Under-Sink Bathroom Cabinet Chaos,,pending,
113,Bathroom,hair-tool-organizer,Hair Tool Organizer/Holder,Hair Tools Clutter & Heat Hazards,,pending,
114,Bathroom,over-cabinet-hair-station,Over-Cabinet Hair Tool Station,Hair Tools Clutter & Heat Hazards,,pending,
115,Bathroom,heat-resistant-caddy,Heat-Resistant Hair Tool Caddy,Hair Tools Clutter & Heat Hazards,,pending,
116,Pet Owners,lint-brush-roller,Reusable Lint Brush Roller,Pet Hair on Furniture Clothes & Car Seats,,pending,
117,Pet Owners,pet-hair-rake,Rubber Pet Hair Rake Tool,Pet Hair on Furniture Clothes & Car Seats,,pending,
118,Pet Owners,pet-hair-laundry,Pet Hair Laundry Remover,Pet Hair on Furniture Clothes & Car Seats,,pending,
119,Pet Owners,deshedding-brush,Deshedding Brush,Pet Hair on Furniture Clothes & Car Seats,,pending,
120,Pet Owners,odor-control-litter,Odor-Control Clumping Litter,Litter Box Odor Permeating the House,,pending,
121,Pet Owners,litter-disposal-pail,Litter Disposal Pail,Litter Box Odor Permeating the House,,pending,
122,Pet Owners,air-purifier-pets,Air Purifier with Carbon Filter,Litter Box Odor Permeating the House,,pending,
123,Pet Owners,enzymatic-litter-deodorizer,Enzymatic Litter Deodorizer,Litter Box Odor Permeating the House,,pending,
124,Pet Owners,paw-washer,Paw Washer/Plunger Cup,Muddy Paws Tracking Dirt Through the House,,pending,
125,Pet Owners,absorbent-door-mat,High-Absorbent Door Mat,Muddy Paws Tracking Dirt Through the House,,pending,
126,Pet Owners,paw-cleaning-wipes,Dog Paw Cleaning Wipes,Muddy Paws Tracking Dirt Through the House,,pending,
127,Pet Owners,dog-booties,Dog Booties/Paw Protectors,Muddy Paws Tracking Dirt Through the House,,pending,
128,Pet Owners,no-spill-bowl,No-Spill Water Bowl,Messy Feeding Area & Water Spills,,pending,
129,Pet Owners,elevated-feeding-station,Elevated Feeding Station with Catch Basin,Messy Feeding Area & Water Spills,,pending,
130,Pet Owners,waterproof-feeding-mat,Waterproof Feeding Mat,Messy Feeding Area & Water Spills,,pending,
131,Pet Owners,slow-feed-water-bowl,Slow-Feed Water Bowl,Messy Feeding Area & Water Spills,,pending,
132,Pet Owners,enzymatic-cleaner,Enzymatic Pet Stain Cleaner,Pet Urine Stains & Odors That Won't Go Away,,pending,
133,Pet Owners,uv-blacklight,UV Blacklight Urine Detector,Pet Urine Stains & Odors That Won't Go Away,,pending,
134,Pet Owners,carpet-cleaner-machine,Carpet Cleaner Machine (Pet Formula),Pet Urine Stains & Odors That Won't Go Away,,pending,
135,Pet Owners,odor-eliminating-spray,Odor-Eliminating Spray,Pet Urine Stains & Odors That Won't Go Away,,pending,
136,Cleaning,grout-cleaning-gel,Grout Cleaning Gel/Spray,Grout Gets Dirty & Is Impossible to Clean,,pending,
137,Cleaning,electric-grout-brush,Electric Grout Cleaning Brush,Grout Gets Dirty & Is Impossible to Clean,,pending,
138,Cleaning,steam-cleaner-grout,Steam Cleaner with Grout Attachment,Grout Gets Dirty & Is Impossible to Clean,,pending,
139,Cleaning,grout-sealer,Grout Sealer (Prevention),Grout Gets Dirty & Is Impossible to Clean,,pending,
140,Cleaning,ammonia-free-cleaner,Ammonia-Free Glass Cleaner,Streaky Windows & Glass Surfaces,,pending,
141,Cleaning,glass-microfiber,Glass-Specific Microfiber Cloths,Streaky Windows & Glass Surfaces,,pending,
142,Cleaning,window-squeegee,Window Squeegee,Streaky Windows & Glass Surfaces,,pending,
143,Cleaning,rubbing-alcohol,Rubbing Alcohol (Film Removal),Streaky Windows & Glass Surfaces,,pending,
144,Cleaning,hepa-vacuum,HEPA Filter Vacuum,Dust Allergies Triggered by Cleaning,,pending,
145,Cleaning,air-purifier-hepa,Air Purifier with True HEPA,Dust Allergies Triggered by Cleaning,,pending,
146,Cleaning,dust-trapping-cloths,Microfiber Dust-Trapping Cloths,Dust Allergies Triggered by Cleaning,,pending,
147,Cleaning,allergen-covers,Mattress/Pillow Allergen Covers,Dust Allergies Triggered by Cleaning,,pending,
148,Cleaning,soap-scum-spray,Soap Scum Dissolving Spray,Shower Soap Scum & Hard Water Buildup,,pending,
149,Cleaning,daily-shower-spray,Daily Shower Spray (Prevention),Shower Soap Scum & Hard Water Buildup,,pending,
150,Cleaning,hard-water-remover,Hard Water Stain Remover,Shower Soap Scum & Hard Water Buildup,,pending,
151,Cleaning,shower-door-squeegee,Shower Door Squeegee,Shower Soap Scum & Hard Water Buildup,,pending,
152,Cleaning,robot-vacuum,Robot Vacuum,Cleaning Takes Too Long / Overwhelming Clutter,,pending,
153,Cleaning,multi-surface-cleaner,Multi-Surface Cleaning System,Cleaning Takes Too Long / Overwhelming Clutter,,pending,
154,Cleaning,microfiber-cleaning-kit,Microfiber Cleaning Tool Kit,Cleaning Takes Too Long / Overwhelming Clutter,,pending,
155,Cleaning,scrub-free-cleaner,Scrub-Free Bathroom Cleaner,Cleaning Takes Too Long / Overwhelming Clutter,,pending,