Category,Problem Name,Solution ID,Solution Name,Current Image URL,Suggested Unsplash URL,Approved URL,Notes
Home Organization,Rental Restrictions – Can't Drill or Make Permanent Changes,adhesive-wall-hooks,Adhesive Wall Hooks,,,,"Renter-friendly wall storage solution"
Home Organization,Rental Restrictions – Can't Drill or Make Permanent Changes,tension-rod-storage,Tension Rod Storage Systems,,,,"No-drill closet organization system"
Home Organization,Rental Restrictions – Can't Drill or Make Permanent Changes,freestanding-shelves,Freestanding Shelving Units,,,,"Independent storage without wall mounting"
Home Organization,Rental Restrictions – Can't Drill or Make Permanent Changes,over-door-organizers,Over-Door Organizers,,,,"Utilizes door space without damage"
Home Organization,Kids' Toys Taking Over the House,toy-storage-bins,Toy Storage Bins with Labels,,,,"Labeled bins for easy toy organization"
Home Organization,Kids' Toys Taking Over the House,toy-rotation-storage,Toy Rotation System Storage,,,,"Hidden storage for toy rotation method"
Home Organization,Kids' Toys Taking Over the House,wall-mounted-toy-storage,Wall-Mounted Toy Storage,,,,"Vertical toy storage solution"
Home Organization,Kids' Toys Taking Over the House,multi-compartment-organizer,Multi-Compartment Toy Organizer,,,,"Segmented storage for different toy types"
Home Organization,Entryway Chaos – Shoes, Coats, Keys, and Mail Piling Up,entryway-bench-storage,Entryway Bench with Shoe Storage,,,,"Multi-function entryway furniture"
Home Organization,Entryway Chaos – Shoes, Coats, Keys, and Mail Piling Up,wall-key-mail-organizer,Wall Key/Mail Organizer,,,,"Command center for keys and mail"
Home Organization,Entryway Chaos – Shoes, Coats, Keys, and Mail Piling Up,over-door-shoe-rack,Over-Door Shoe Rack,,,,"Vertical shoe storage on door"
Home Organization,Entryway Chaos – Shoes, Coats, Keys, and Mail Piling Up,coat-hooks-shelf,Coat Hooks with Shelf,,,,"Wall-mounted coat and accessory storage"
Home Organization,Closet Overflow – Not Enough Space, Clothes Falling Off,velvet-hangers,Slim Velvet Hangers,,,,"Space-saving non-slip hangers"
Home Organization,Closet Overflow – Not Enough Space, Clothes Falling Off,closet-shelf-dividers,Closet Shelf Dividers,,,,"Organizes shelf space for folded items"
Home Organization,Closet Overflow – Not Enough Space, Clothes Falling Off,double-hang-rod,Double Hang Closet Rod,,,,"Creates two levels of hanging space"
Home Organization,Closet Overflow – Not Enough Space, Clothes Falling Off,hanging-closet-shelves,Hanging Closet Organizer Shelves,,,,"Fabric shelves that hang from closet rod"
Home Organization,Seasonal Items with Nowhere to Go,vacuum-storage-bags,Vacuum Storage Bags,,,,"Compresses seasonal clothing and linens"
Home Organization,Seasonal Items with Nowhere to Go,under-bed-storage,Under-Bed Storage Containers,,,,"Utilizes under-bed space for seasonal items"
Home Organization,Seasonal Items with Nowhere to Go,stackable-totes,Stackable Storage Totes,,,,"Modular storage for seasonal organization"
Kitchen,No Counter Space for Food Prep,over-sink-cutting-board,Over-the-Sink Cutting Board,,,,"Expands prep space over sink"
Kitchen,No Counter Space for Food Prep,rolling-kitchen-cart,Rolling Kitchen Cart,,,,"Mobile counter space and storage"
Kitchen,No Counter Space for Food Prep,fold-down-table,Wall-Mounted Fold-Down Table,,,,"Space-saving wall-mounted work surface"
Kitchen,No Counter Space for Food Prep,counter-shelf-riser,Counter Shelf Riser,,,,"Adds vertical storage on countertop"
Kitchen,Kitchen Counter Clutter – Too Many Items on Counter,counter-shelf-organizer,Counter Shelf Organizer,https://images.unsplash.com/photo-1556909114-f6e7ad7d3136?w=400&h=400&fit=crop&q=80,,"Original Unsplash image available","Multi-tier countertop organization"
Kitchen,Kitchen Counter Clutter – Too Many Items on Counter,appliance-garage,Appliance Garage/Cover,https://images.unsplash.com/photo-1556909172-54557c7e4fb7?w=400&h=400&fit=crop&q=80,,"Original Unsplash image available","Hides small appliances from view"
Kitchen,Kitchen Counter Clutter – Too Many Items on Counter,under-cabinet-hooks,Under-Cabinet Hooks & Storage,https://images.unsplash.com/photo-1484154218962-a197022b5858?w=400&h=400&fit=crop&q=80,,"Original Unsplash image available","Utilizes under-cabinet space"
Kitchen,Kitchen Counter Clutter – Too Many Items on Counter,wall-mounted-organizer,Wall-Mounted Kitchen Organizer,https://images.unsplash.com/photo-1507089947368-19c1da9775ae?w=400&h=400&fit=crop&q=80,,"Original Unsplash image available","Wall-based kitchen tool storage"
Kitchen,Kitchen Counter Clutter – Too Many Items on Counter,corner-shelf-organizer,Corner Counter Shelf,https://images.unsplash.com/photo-1556909212-d5b604d0c90d?w=400&h=400&fit=crop&q=80,,"Original Unsplash image available","Optimizes corner counter space"
Kitchen,Kitchen Counter Clutter – Too Many Items on Counter,tiered-counter-organizer,Tiered Counter Organizer,https://images.unsplash.com/photo-1556909190-eccf4a8bf97a?w=400&h=400&fit=crop&q=80,,"Original Unsplash image available","Multi-level counter organization"
Kitchen,Pantry Chaos & Forgotten Expired Food,clear-food-containers,Clear Airtight Food Containers,,,,"Visibility prevents food waste"
Kitchen,Pantry Chaos & Forgotten Expired Food,lazy-susan,Cabinet Lazy Susan Turntable,,,,"Rotating access to deep cabinet items"
Kitchen,Pantry Chaos & Forgotten Expired Food,pull-out-organizer,Pull-Out Cabinet Organizer,,,,"Sliding shelves for easy access"
Kitchen,Pantry Chaos & Forgotten Expired Food,tiered-shelf-riser,Tiered Shelf Riser,,,,"Creates multiple levels in pantry"
Kitchen,Tupperware/Food Container Lid Avalanche,lid-organizer,Lid Organizer Rack,,,,"Dedicated storage for container lids"
Kitchen,Tupperware/Food Container Lid Avalanche,container-drawer-dividers,Container Drawer Dividers,,,,"Segments drawer for organized storage"
Kitchen,Tupperware/Food Container Lid Avalanche,pull-out-container-bin,Pull-Out Container Bin,,,,"Easy access container storage"
Kitchen,Under-Sink Cabinet Mess,expandable-under-sink-shelf,Expandable Under-Sink Shelf,,,,"Adjustable shelf for under-sink space"
Kitchen,Under-Sink Cabinet Mess,tension-rod-spray-bottles,Tension Rod for Spray Bottles,,,,"Hanging storage for spray bottles"
Kitchen,Under-Sink Cabinet Mess,pull-out-under-sink-caddy,Pull-Out Under-Sink Caddy,,,,"Sliding organizer for under-sink access"
Kitchen,Under-Sink Cabinet Mess,cabinet-door-organizer,Cabinet Door Organizer,,,,"Door-mounted storage solution"
Kitchen,No Space for Dish Drying,over-sink-dish-rack,Over-the-Sink Dish Rack,,,,"Dish drying over sink area"
Kitchen,No Space for Dish Drying,collapsible-dish-rack,Collapsible Dish Rack,,,,"Foldable dish rack for storage"
Kitchen,No Space for Dish Drying,roll-up-drying-mat,Roll-Up Sink Drying Mat,,,,"Flexible drying surface"
Kitchen,No Space for Dish Drying,two-tier-dish-rack,Two-Tier Dish Rack,,,,"Vertical dish drying solution"
Home Office,Tangled Cable Mess Under/Behind Desk,under-desk-cable-tray,Under-Desk Cable Tray,,,,"Organizes cables beneath work surface"
Home Office,Tangled Cable Mess Under/Behind Desk,cable-management-sleeve,Cable Management Sleeve,,,,"Bundles and conceals multiple cables"
Home Office,Tangled Cable Mess Under/Behind Desk,cable-clips-velcro,Cable Clips & Velcro Straps,,,,"Secures individual cables in place"
Home Office,Tangled Cable Mess Under/Behind Desk,cable-management-box,Cable Management Box,,,,"Hides power strips and cable mess"
Home Office,Back/Neck Pain from Poor WFH Setup,ergonomic-chair,Ergonomic Office Chair,,,,"Proper support for WFH comfort"
Home Office,Back/Neck Pain from Poor WFH Setup,laptop-stand,Laptop Stand/Riser,,,,"Elevates laptop to eye level"
Home Office,Back/Neck Pain from Poor WFH Setup,monitor-arm,Monitor Arm Mount,,,,"Adjustable monitor positioning"
Home Office,Back/Neck Pain from Poor WFH Setup,wrist-rest,Keyboard/Mouse Wrist Rest,,,,"Ergonomic support for hands"
Home Office,Cluttered Desk / No Space for Everything,desktop-organizer,Desktop Organizer with Drawers,,,,"Multi-compartment desk organization"
Home Office,Cluttered Desk / No Space for Everything,monitor-stand-storage,Monitor Stand with Storage,,,,"Dual-purpose monitor riser"
Home Office,Cluttered Desk / No Space for Everything,desk-shelf-riser,Desk Shelf Riser,,,,"Adds storage above desk surface"
Home Office,Messy Video Call Background,room-divider,Room Divider Screen,,,,"Creates private office space"
Home Office,Messy Video Call Background,video-backdrop,Video Call Backdrop Panel,,,,"Professional background for calls"
Home Office,Messy Video Call Background,green-screen,Collapsible Green Screen,,,,"Digital background capability"
Home Office,No Dedicated Office Space / Small Apartment,wall-mounted-desk,Folding Wall-Mounted Desk,,,,"Space-saving fold-out work surface"
Home Office,No Dedicated Office Space / Small Apartment,corner-desk,Corner Desk Compact,,,,"Maximizes corner space efficiency"
Home Office,No Dedicated Office Space / Small Apartment,desk-with-storage,Desk with Built-in Storage,,,,"Integrated storage in small footprint"
Living Room,Saggy/Flat Couch Cushions,foam-insert,High-Density Foam Insert,,,,"Restores cushion firmness"
Living Room,Saggy/Flat Couch Cushions,cushion-support-board,Cushion Support Insert/Board,,,,"Structural support for sagging cushions"
Living Room,Saggy/Flat Couch Cushions,fiberfill-stuffing,Polyester Fiberfill Stuffing,,,,"Adds volume to flat cushions"
Living Room,Saggy/Flat Couch Cushions,cushion-wrap,Cushion Wrap/Batting,,,,"Wrapping layer for cushion restoration"
Living Room,Pet-Damaged/Stained Furniture,pet-proof-slipcover,Pet-Proof Couch Slipcover,,,,"Protective covering for furniture"
Living Room,Pet-Damaged/Stained Furniture,scratch-protector,Scratch-Resistant Furniture Protector,,,,"Shields furniture from pet damage"
Living Room,Pet-Damaged/Stained Furniture,waterproof-pet-blanket,Waterproof Pet Blanket/Throw,,,,"Washable pet furniture protection"
Living Room,TV Cables Visible/Messy,cable-raceway,Cable Raceway/Cover Kit,,,,"Conceals TV cables on wall"
Living Room,TV Cables Visible/Messy,in-wall-cable-kit,In-Wall Cable Management Kit,,,,"Professional in-wall cable hiding"
Living Room,TV Cables Visible/Messy,tv-stand-cable-management,TV Stand with Cable Management,,,,"Built-in cable organization"
Living Room,Small Living Room / Oversized Furniture,apartment-size-sofa,Apartment-Size Sofa,,,,"Right-sized seating for small spaces"
Living Room,Small Living Room / Oversized Furniture,nesting-tables,Nesting Coffee Tables,,,,"Space-efficient stacking tables"
Living Room,Small Living Room / Oversized Furniture,storage-ottoman,Storage Ottoman,,,,"Multi-function seating and storage"
Living Room,No Living Room Storage / Clutter Everywhere,storage-coffee-table,Storage Coffee Table,,,,"Hidden storage in coffee table"
Living Room,No Living Room Storage / Clutter Everywhere,fabric-storage-cubes,Fabric Storage Cubes/Bins,,,,"Flexible storage containers"
Living Room,No Living Room Storage / Clutter Everywhere,console-table-shelves,Console Table with Shelves,,,,"Narrow storage with surface space"
Living Room,No Living Room Storage / Clutter Everywhere,storage-ottoman-cube,Ottoman with Storage,,,,"Seating with hidden compartment"
Bedroom,Light Disrupting Sleep – Can't Block Outside Light,blackout-curtains,Blackout Curtains,,,,"Complete light blocking window treatment"
Bedroom,Light Disrupting Sleep – Can't Block Outside Light,sleep-mask,Sleep Eye Mask,,,,"Personal light blocking solution"
Bedroom,Light Disrupting Sleep – Can't Block Outside Light,blackout-window-film,Blackout Window Film,,,,"Removable window darkening"
Bedroom,Light Disrupting Sleep – Can't Block Outside Light,curtain-light-blockers,Curtain Gap Light Blockers,,,,"Eliminates light leaks around curtains"
Bedroom,Noise Keeping You Awake,white-noise-machine,White Noise Machine,,,,"Sound masking for better sleep"
Bedroom,Noise Keeping You Awake,sleep-earplugs,Noise Reducing Earplugs,,,,"Comfortable ear protection for sleep"
Bedroom,Noise Keeping You Awake,soundproof-curtains,Sound Dampening Curtains,,,,"Heavy curtains that reduce noise"
Bedroom,Small Bedroom – No Room for Furniture or Storage,storage-bed-frame,Bed Frame with Built-In Storage,,,,"Maximizes under-bed storage space"
Bedroom,Small Bedroom – No Room for Furniture or Storage,bed-risers,Bed Risers for Under-Bed Storage,,,,"Creates storage space under existing bed"
Bedroom,Small Bedroom – No Room for Furniture or Storage,floating-nightstand,Floating Nightstand,,,,"Wall-mounted bedside storage"
Bedroom,Small Bedroom – No Room for Furniture or Storage,over-bed-storage,Over-Bed Storage Shelf,,,,"Vertical storage above headboard"
Bedroom,Clothes Everywhere – No System for Worn-Once Items,clothes-valet,Clothes Valet Stand,,,,"Organized temporary clothing storage"
Bedroom,Clothes Everywhere – No System for Worn-Once Items,over-door-clothes-hooks,Over-Door Clothes Hooks,,,,"Door-mounted clothing storage"
Bedroom,Clothes Everywhere – No System for Worn-Once Items,decorative-ladder,Decorative Ladder Rack,,,,"Stylish ladder for clothing display"
Bedroom,Clothes Everywhere – No System for Worn-Once Items,freestanding-clothes-rack,Freestanding Clothes Rack,,,,"Portable clothing organization"
Bedroom,No Nightstand Space for Essentials,bedside-caddy,Bedside Caddy/Pocket Organizer,,,,"Hanging organizer for bed essentials"
Bedroom,No Nightstand Space for Essentials,clip-on-bed-shelf,Clip-On Bed Shelf,,,,"Attachable shelf for bedside items"
Bedroom,No Nightstand Space for Essentials,adhesive-wall-pocket,Adhesive Wall Pocket,,,,"Wall-mounted bedside organizer"
Bedroom,No Nightstand Space for Essentials,c-table,C-Table/Slide Under Sofa Table,,,,"Slide-under table for bedside use"
Bathroom,Shower Caddy Keeps Falling,adhesive-shower-shelf,Adhesive Mount Shower Shelf,,,,"Permanent shower storage solution"
Bathroom,Shower Caddy Keeps Falling,tension-pole-caddy,Tension Pole Shower Caddy,,,,"Floor-to-ceiling shower organization"
Bathroom,Shower Caddy Keeps Falling,hanging-showerhead-caddy,Hanging Over-Showerhead Caddy with Grip,,,,"Secure showerhead-mounted storage"
Bathroom,Shower Caddy Keeps Falling,corner-shower-shelf,Shower Corner Shelf (Permanent),,,,"Built-in corner shower storage"
Bathroom,No Medicine Cabinet/Vanity Storage,wall-medicine-cabinet,Wall-Mounted Medicine Cabinet,,,,"Added bathroom wall storage"
Bathroom,No Medicine Cabinet/Vanity Storage,slim-bathroom-cabinet,Slim Freestanding Cabinet,,,,"Narrow bathroom storage tower"
Bathroom,No Medicine Cabinet/Vanity Storage,over-door-bathroom-organizer,Over-Door Hanging Organizer,,,,"Door-mounted bathroom storage"
Bathroom,No Medicine Cabinet/Vanity Storage,countertop-toiletry-organizer,Countertop Makeup/Toiletry Organizer,,,,"Surface organization for toiletries"
Bathroom,Wasted Space Above Toilet,over-toilet-shelf,Over-the-Toilet Shelving Unit,,,,"Utilizes space above toilet"
Bathroom,Wasted Space Above Toilet,bathroom-floating-shelves,Floating Shelves,,,,"Minimalist above-toilet storage"
Bathroom,Wasted Space Above Toilet,over-toilet-cabinet,Over-the-Toilet Cabinet,,,,"Enclosed above-toilet storage"
Bathroom,Wasted Space Above Toilet,bathroom-ladder-shelf,Ladder Shelf Unit,,,,"Decorative ladder storage for bathroom"
Bathroom,Under-Sink Bathroom Cabinet Chaos,stackable-bathroom-bins,Stackable Storage Bins,,,,"Modular under-sink organization"
Bathroom,Under-Sink Bathroom Cabinet Chaos,two-tier-under-sink,Two-Tier Under-Sink Organizer,,,,"Maximizes under-sink vertical space"
Bathroom,Under-Sink Bathroom Cabinet Chaos,pull-out-bathroom-drawers,Pull-Out Bathroom Drawers,,,,"Easy access under-sink storage"
Bathroom,Hair Tools Clutter & Heat Hazards,hair-tool-organizer,Hair Tool Organizer/Holder,,,,"Safe storage for styling tools"
Bathroom,Hair Tools Clutter & Heat Hazards,over-cabinet-hair-station,Over-Cabinet Hair Tool Station,,,,"Cabinet door hair tool storage"
Bathroom,Hair Tools Clutter & Heat Hazards,heat-resistant-caddy,Heat-Resistant Hair Tool Caddy,,,,"Safe storage for hot styling tools"
Pet Owners,Pet Hair on Furniture, Clothes & Car Seats,lint-brush-roller,Reusable Lint Brush Roller,,,,"Chemical-free pet hair removal"
Pet Owners,Pet Hair on Furniture, Clothes & Car Seats,pet-hair-rake,Rubber Pet Hair Rake Tool,,,,"Carpet and upholstery hair removal"
Pet Owners,Pet Hair on Furniture, Clothes & Car Seats,pet-hair-laundry,Pet Hair Laundry Remover,,,,"Laundry aid for pet hair removal"
Pet Owners,Pet Hair on Furniture, Clothes & Car Seats,deshedding-brush,Deshedding Brush,,,,"Reduces shedding at the source"
Pet Owners,Litter Box Odor Permeating the House,odor-control-litter,Odor-Control Clumping Litter,,,,"Advanced odor-blocking litter"
Pet Owners,Litter Box Odor Permeating the House,litter-disposal-pail,Litter Disposal Pail,,,,"Sealed disposal system for litter"
Pet Owners,Litter Box Odor Permeating the House,air-purifier-pets,Air Purifier with Carbon Filter,,,,"Room air cleaning for pet odors"
Pet Owners,Litter Box Odor Permeating the House,enzymatic-litter-deodorizer,Enzymatic Litter Deodorizer,,,,"Biological odor elimination"
Pet Owners,Muddy Paws Tracking Dirt Through the House,paw-washer,Paw Washer/Plunger Cup,,,,"Portable paw cleaning solution"
Pet Owners,Muddy Paws Tracking Dirt Through the House,absorbent-door-mat,High-Absorbent Door Mat,,,,"Absorbs mud and moisture at entry"
Pet Owners,Muddy Paws Tracking Dirt Through the House,paw-cleaning-wipes,Dog Paw Cleaning Wipes,,,,"Convenient paw cleaning solution"
Pet Owners,Muddy Paws Tracking Dirt Through the House,dog-booties,Dog Booties/Paw Protectors,,,,"Prevents muddy paws outdoors"
Pet Owners,Messy Feeding Area & Water Spills,no-spill-bowl,No-Spill Water Bowl,,,,"Prevents water splashing and spills"
Pet Owners,Messy Feeding Area & Water Spills,elevated-feeding-station,Elevated Feeding Station with Catch Basin,,,,"Reduces mess and improves posture"
Pet Owners,Messy Feeding Area & Water Spills,waterproof-feeding-mat,Waterproof Feeding Mat,,,,"Protects floor from food and water"
Pet Owners,Messy Feeding Area & Water Spills,slow-feed-water-bowl,Slow-Feed Water Bowl,,,,"Reduces messy drinking behavior"
Pet Owners,Pet Urine Stains & Odors That Won't Go Away,enzymatic-cleaner,Enzymatic Pet Stain Cleaner,,,,"Biological breakdown of urine compounds"
Pet Owners,Pet Urine Stains & Odors That Won't Go Away,uv-blacklight,UV Blacklight Urine Detector,,,,"Locates hidden pet stains"
Pet Owners,Pet Urine Stains & Odors That Won't Go Away,carpet-cleaner-machine,Carpet Cleaner Machine (Pet Formula),,,,"Deep cleaning for pet stains"
Pet Owners,Pet Urine Stains & Odors That Won't Go Away,odor-eliminating-spray,Odor-Eliminating Spray,,,,"Neutralizes persistent pet odors"
Cleaning,Grout Gets Dirty & Is Impossible to Clean,grout-cleaning-gel,Grout Cleaning Gel/Spray,,,,"Specialized grout cleaning product"
Cleaning,Grout Gets Dirty & Is Impossible to Clean,electric-grout-brush,Electric Grout Cleaning Brush,,,,"Power tool for grout cleaning"
Cleaning,Grout Gets Dirty & Is Impossible to Clean,steam-cleaner-grout,Steam Cleaner with Grout Attachment,,,,"Chemical-free grout cleaning"
Cleaning,Grout Gets Dirty & Is Impossible to Clean,grout-sealer,Grout Sealer (Prevention),,,,"Protective coating for grout"
Cleaning,Streaky Windows & Glass Surfaces,ammonia-free-cleaner,Ammonia-Free Glass Cleaner,,,,"Streak-free glass cleaning solution"
Cleaning,Streaky Windows & Glass Surfaces,glass-microfiber,Glass-Specific Microfiber Cloths,,,,"Lint-free glass cleaning cloths"
Cleaning,Streaky Windows & Glass Surfaces,window-squeegee,Window Squeegee,,,,"Professional window cleaning tool"
Cleaning,Streaky Windows & Glass Surfaces,rubbing-alcohol,Rubbing Alcohol (Film Removal),,,,"Removes film buildup on glass"
Cleaning,Dust Allergies Triggered by Cleaning,hepa-vacuum,HEPA Filter Vacuum,,,,"Allergen-capturing vacuum system"
Cleaning,Dust Allergies Triggered by Cleaning,air-purifier-hepa,Air Purifier with True HEPA,,,,"Filters airborne allergens"
Cleaning,Dust Allergies Triggered by Cleaning,dust-trapping-cloths,Microfiber Dust-Trapping Cloths,,,,"Captures dust without dispersing"
Cleaning,Dust Allergies Triggered by Cleaning,allergen-covers,Mattress/Pillow Allergen Covers,,,,"Blocks dust mites at source"
Cleaning,Shower Soap Scum & Hard Water Buildup,soap-scum-spray,Soap Scum Dissolving Spray,,,,"Breaks down soap residue buildup"
Cleaning,Shower Soap Scum & Hard Water Buildup,daily-shower-spray,Daily Shower Spray (Prevention),,,,"Prevents soap scum formation"
Cleaning,Shower Soap Scum & Hard Water Buildup,hard-water-remover,Hard Water Stain Remover,,,,"Dissolves mineral deposits"
Cleaning,Shower Soap Scum & Hard Water Buildup,shower-door-squeegee,Shower Door Squeegee,,,,"Prevents water spots and buildup"
Cleaning,Cleaning Takes Too Long / Overwhelming Clutter,robot-vacuum,Robot Vacuum,,,,"Automated floor cleaning"
Cleaning,Cleaning Takes Too Long / Overwhelming Clutter,multi-surface-cleaner,Multi-Surface Cleaning System,,,,"All-in-one cleaning solution"
Cleaning,Cleaning Takes Too Long / Overwhelming Clutter,microfiber-cleaning-kit,Microfiber Cleaning Tool Kit,,,,"Complete microfiber cleaning system"
Cleaning,Cleaning Takes Too Long / Overwhelming Clutter,scrub-free-cleaner,Scrub-Free Bathroom Cleaner,,,,"No-effort bathroom cleaning"