Category,Problem_Name,Solution_ID,Solution_Name,Keywords,Suggested_Image_URL,Approved,Final_URL
Home Organization,Rental Restrictions – Can't Drill or Make Permanent Changes,adhesive-wall-hooks,Adhesive Wall Hooks,"command hooks heavy duty, adhesive hooks no damage, peel and stick wall hooks",https://images.unsplash.com/photo-1558618666-fcd25c85cd64?w=400&h=400&fit=crop,,
Home Organization,Rental Restrictions – Can't Drill or Make Permanent Changes,tension-rod-storage,Tension Rod Storage Systems,"tension rod shelves, adjustable tension rod organizer, no drill closet rod",https://images.unsplash.com/photo-1586023492125-27b2c045efd7?w=400&h=400&fit=crop,,
Home Organization,Rental Restrictions – Can't Drill or Make Permanent Changes,freestanding-shelves,Freestanding Shelving Units,"freestanding bookshelf no drill, standing shelf unit, leaning ladder shelf",https://images.unsplash.com/photo-1586023492125-27b2c045efd7?w=400&h=400&fit=crop,,
Home Organization,Rental Restrictions – Can't Drill or Make Permanent Changes,over-door-organizers,Over-Door Organizers,"over the door hooks, behind door storage rack, over door shoe organizer",https://images.unsplash.com/photo-1558618047-3c8c76ca7d13?w=400&h=400&fit=crop,,
Home Organization,Kids' Toys Taking Over the House,toy-storage-bins,Toy Storage Bins with Labels,"stackable toy bins with labels, toy chest organizer kids, toy storage cubes",https://images.unsplash.com/photo-1558618047-3c8c76ca7d13?w=400&h=400&fit=crop,,
Home Organization,Kids' Toys Taking Over the House,toy-rotation-storage,Toy Rotation System Storage,"toy rotation bins, hidden toy storage tubs, under bed toy organizer",https://images.unsplash.com/photo-1554995207-c18c203602cb?w=400&h=400&fit=crop,,
Home Organization,Kids' Toys Taking Over the House,wall-mounted-toy-storage,Wall-Mounted Toy Storage,"wall toy storage bin, hanging mesh toy organizer, toy hammock corner",https://images.unsplash.com/photo-1558618047-3c8c76ca7d13?w=400&h=400&fit=crop,,
Home Organization,Kids' Toys Taking Over the House,multi-compartment-organizer,Multi-Compartment Toy Organizer,"kids toy organizer with bins, cubby toy shelf, playroom storage cabinet",https://images.unsplash.com/photo-1554995207-c18c203602cb?w=400&h=400&fit=crop,,
Home Organization,Entryway Chaos – Shoes Coats Keys and Mail Piling Up,entryway-bench-storage,Entryway Bench with Shoe Storage,"entryway bench with shoe rack, shoe storage bench seat, hall tree with storage",https://images.unsplash.com/photo-1586023492125-27b2c045efd7?w=400&h=400&fit=crop,,
Home Organization,Entryway Chaos – Shoes Coats Keys and Mail Piling Up,wall-key-mail-organizer,Wall Key/Mail Organizer,"wall mount key holder mail organizer, entryway command center, mail sorter wall mount",https://images.unsplash.com/photo-1558618666-fcd25c85cd64?w=400&h=400&fit=crop,,
Home Organization,Entryway Chaos – Shoes Coats Keys and Mail Piling Up,over-door-shoe-rack,Over-Door Shoe Rack,"over the door shoe rack, vertical shoe organizer door, door mounted shoe storage",https://images.unsplash.com/photo-1558618047-3c8c76ca7d13?w=400&h=400&fit=crop,,
Home Organization,Entryway Chaos – Shoes Coats Keys and Mail Piling Up,coat-hooks-shelf,Coat Hooks with Shelf,"wall coat rack with shelf, entryway hook shelf combo, floating shelf with hooks",https://images.unsplash.com/photo-1558618666-fcd25c85cd64?w=400&h=400&fit=crop,,
Home Organization,Closet Overflow – Not Enough Space Clothes Falling Off,velvet-hangers,Slim Velvet Hangers,"velvet hangers space saving, thin non slip hangers, slim flocked hangers",https://images.unsplash.com/photo-1554995207-c18c203602cb?w=400&h=400&fit=crop,,
Home Organization,Closet Overflow – Not Enough Space Clothes Falling Off,closet-shelf-dividers,Closet Shelf Dividers,"closet shelf dividers, stackable shelf organizers, sweater storage dividers",https://images.unsplash.com/photo-1586023492125-27b2c045efd7?w=400&h=400&fit=crop,,
Home Organization,Closet Overflow – Not Enough Space Clothes Falling Off,double-hang-rod,Double Hang Closet Rod,"double closet rod, closet rod extender, two tier hanging rod",https://images.unsplash.com/photo-1554995207-c18c203602cb?w=400&h=400&fit=crop,,
Home Organization,Closet Overflow – Not Enough Space Clothes Falling Off,hanging-closet-shelves,Hanging Closet Organizer Shelves,"hanging closet shelves fabric, collapsible hanging organizer, sweater hanging storage",https://images.unsplash.com/photo-1554995207-c18c203602cb?w=400&h=400&fit=crop,,
Home Organization,Seasonal Items with Nowhere to Go,vacuum-storage-bags,Vacuum Storage Bags,"vacuum seal storage bags clothes, space saver vacuum bags, compression bags blankets",https://images.unsplash.com/photo-1558618047-3c8c76ca7d13?w=400&h=400&fit=crop,,
Home Organization,Seasonal Items with Nowhere to Go,under-bed-storage,Under-Bed Storage Containers,"under bed storage bins with wheels, underbed storage containers clear, flat storage boxes under bed",https://images.unsplash.com/photo-1558618047-3c8c76ca7d13?w=400&h=400&fit=crop,,
Home Organization,Seasonal Items with Nowhere to Go,stackable-totes,Stackable Storage Totes,"stackable storage bins with lids, large storage totes heavy duty, clear storage containers stackable",https://images.unsplash.com/photo-1558618047-3c8c76ca7d13?w=400&h=400&fit=crop,,
Kitchen,No Counter Space for Food Prep,over-sink-cutting-board,Over-the-Sink Cutting Board,"over sink cutting board, sink cover board, expandable sink board",https://images.unsplash.com/photo-1556909114-f6e7ad7d3136?w=400&h=400&fit=crop,,
Kitchen,No Counter Space for Food Prep,rolling-kitchen-cart,Rolling Kitchen Cart,"rolling kitchen island, kitchen cart with wheels, portable kitchen cart storage",https://images.unsplash.com/photo-1556909190-eccf4a8bf97a?w=400&h=400&fit=crop,,
Kitchen,No Counter Space for Food Prep,fold-down-table,Wall-Mounted Fold-Down Table,"wall mounted folding table, drop leaf wall table, fold down kitchen counter",https://images.unsplash.com/photo-1556909212-d5b604d0c90d?w=400&h=400&fit=crop,,
Kitchen,No Counter Space for Food Prep,counter-shelf-riser,Counter Shelf Riser,"kitchen counter shelf organizer, countertop storage rack, kitchen shelf riser",https://images.unsplash.com/photo-1556909114-f6e7ad7d3136?w=400&h=400&fit=crop,,
Kitchen,Kitchen Counter Clutter – Too Many Items on Counter,counter-shelf-organizer,Counter Shelf Organizer,"kitchen counter organizer shelf, countertop storage rack, kitchen counter shelf",https://images.unsplash.com/photo-1556909114-f6e7ad7d3136?w=400&h=400&fit=crop,,
Kitchen,Kitchen Counter Clutter – Too Many Items on Counter,appliance-garage,Appliance Garage/Cover,"appliance garage, appliance cover, bread box appliance hider",https://images.unsplash.com/photo-1556909172-54557c7e4fb7?w=400&h=400&fit=crop,,
Kitchen,Kitchen Counter Clutter – Too Many Items on Counter,under-cabinet-hooks,Under-Cabinet Hooks & Storage,"under cabinet storage, under cabinet hooks, hanging kitchen organizer",https://images.unsplash.com/photo-1484154218962-a197022b5858?w=400&h=400&fit=crop,,
Kitchen,Kitchen Counter Clutter – Too Many Items on Counter,wall-mounted-organizer,Wall-Mounted Kitchen Organizer,"wall mounted kitchen organizer, kitchen wall rack, magnetic knife strip organizer",https://images.unsplash.com/photo-1507089947368-19c1da9775ae?w=400&h=400&fit=crop,,
Kitchen,Kitchen Counter Clutter – Too Many Items on Counter,corner-shelf-organizer,Corner Counter Shelf,"corner counter organizer, corner shelf kitchen, kitchen corner storage",https://images.unsplash.com/photo-1556909212-d5b604d0c90d?w=400&h=400&fit=crop,,
Kitchen,Kitchen Counter Clutter – Too Many Items on Counter,tiered-counter-organizer,Tiered Counter Organizer,"tiered kitchen organizer, 3 tier counter shelf, multi level counter storage",https://images.unsplash.com/photo-1556909190-eccf4a8bf97a?w=400&h=400&fit=crop,,
Kitchen,Pantry Chaos & Forgotten Expired Food,clear-food-containers,Clear Airtight Food Containers,"clear pantry containers, airtight food storage set, stackable pantry bins clear",https://images.unsplash.com/photo-1558618047-3c8c76ca7d13?w=400&h=400&fit=crop,,
Kitchen,Pantry Chaos & Forgotten Expired Food,lazy-susan,Cabinet Lazy Susan Turntable,"lazy susan cabinet organizer, turntable pantry organizer, rotating shelf organizer",https://images.unsplash.com/photo-1556909190-eccf4a8bf97a?w=400&h=400&fit=crop,,
Kitchen,Pantry Chaos & Forgotten Expired Food,pull-out-organizer,Pull-Out Cabinet Organizer,"pull out cabinet shelf, sliding cabinet organizer, drawer cabinet organizer",https://images.unsplash.com/photo-1556909190-eccf4a8bf97a?w=400&h=400&fit=crop,,
Kitchen,Pantry Chaos & Forgotten Expired Food,tiered-shelf-riser,Tiered Shelf Riser,"tiered shelf organizer pantry, cabinet shelf risers, 3 tier pantry organizer",https://images.unsplash.com/photo-1556909190-eccf4a8bf97a?w=400&h=400&fit=crop,,
Kitchen,Tupperware/Food Container Lid Avalanche,lid-organizer,Lid Organizer Rack,"food container lid organizer, tupperware lid holder, plastic lid storage rack",https://images.unsplash.com/photo-1556909190-eccf4a8bf97a?w=400&h=400&fit=crop,,
Kitchen,Tupperware/Food Container Lid Avalanche,container-drawer-dividers,Container Drawer Dividers,"drawer dividers containers, food storage drawer organizer, adjustable drawer dividers",https://images.unsplash.com/photo-1556909190-eccf4a8bf97a?w=400&h=400&fit=crop,,
Kitchen,Tupperware/Food Container Lid Avalanche,pull-out-container-bin,Pull-Out Container Bin,"pull out storage bin cabinet, sliding cabinet basket organizer",https://images.unsplash.com/photo-1556909190-eccf4a8bf97a?w=400&h=400&fit=crop,,
Kitchen,Under-Sink Cabinet Mess,expandable-under-sink-shelf,Expandable Under-Sink Shelf,"under sink organizer expandable, adjustable under sink shelf, 2 tier under sink storage",https://images.unsplash.com/photo-1556909190-eccf4a8bf97a?w=400&h=400&fit=crop,,
Kitchen,Under-Sink Cabinet Mess,tension-rod-spray-bottles,Tension Rod for Spray Bottles,"tension rod cabinet organizer, spray bottle holder rod, under sink tension bar",https://images.unsplash.com/photo-1586023492125-27b2c045efd7?w=400&h=400&fit=crop,,
Kitchen,Under-Sink Cabinet Mess,pull-out-under-sink-caddy,Pull-Out Under-Sink Caddy,"pull out under sink organizer, sliding under sink basket, under sink drawer organizer",https://images.unsplash.com/photo-1556909190-eccf4a8bf97a?w=400&h=400&fit=crop,,
Kitchen,Under-Sink Cabinet Mess,cabinet-door-organizer,Cabinet Door Organizer,"cabinet door organizer, over cabinet door storage, door mounted basket",https://images.unsplash.com/photo-1558618047-3c8c76ca7d13?w=400&h=400&fit=crop,,
Kitchen,No Space for Dish Drying,over-sink-dish-rack,Over-the-Sink Dish Rack,"over sink dish drying rack, sink dish rack expandable, over sink drainer",https://images.unsplash.com/photo-1556909114-f6e7ad7d3136?w=400&h=400&fit=crop,,
Kitchen,No Space for Dish Drying,collapsible-dish-rack,Collapsible Dish Rack,"collapsible dish rack, foldable dish drainer, compact dish rack",https://images.unsplash.com/photo-1556909114-f6e7ad7d3136?w=400&h=400&fit=crop,,
Kitchen,No Space for Dish Drying,roll-up-drying-mat,Roll-Up Sink Drying Mat,"roll up dish drying rack, silicone sink drying mat, rollable dish drainer",https://images.unsplash.com/photo-1556909114-f6e7ad7d3136?w=400&h=400&fit=crop,,
Kitchen,No Space for Dish Drying,two-tier-dish-rack,Two-Tier Dish Rack,"2 tier dish rack, vertical dish drying rack, double layer dish drainer",https://images.unsplash.com/photo-1556909114-f6e7ad7d3136?w=400&h=400&fit=crop,,
Home Office,Tangled Cable Mess Under/Behind Desk,under-desk-cable-tray,Under-Desk Cable Tray,"under desk cable management tray, cable tray desk mount, desk cable organizer basket",https://images.unsplash.com/photo-1558618666-fcd25c85cd64?w=400&h=400&fit=crop,,
Home Office,Tangled Cable Mess Under/Behind Desk,cable-management-sleeve,Cable Management Sleeve,"cable management sleeve, cord cover sleeve zipper, neoprene cable organizer",https://images.unsplash.com/photo-1558618666-fcd25c85cd64?w=400&h=400&fit=crop,,
Home Office,Tangled Cable Mess Under/Behind Desk,cable-clips-velcro,Cable Clips & Velcro Straps,"adhesive cable clips, reusable velcro cable ties, desk cable clips adhesive",https://images.unsplash.com/photo-1558618666-fcd25c85cd64?w=400&h=400&fit=crop,,
Home Office,Tangled Cable Mess Under/Behind Desk,cable-management-box,Cable Management Box,"cable management box large, cord hider box, power strip cover box",https://images.unsplash.com/photo-1558618666-fcd25c85cd64?w=400&h=400&fit=crop,,
Home Office,Back/Neck Pain from Poor WFH Setup,ergonomic-chair,Ergonomic Office Chair,"ergonomic office chair lumbar support, home office chair adjustable arms, desk chair back support",https://images.unsplash.com/photo-1541558869434-2840d308329a?w=400&h=400&fit=crop,,
Home Office,Back/Neck Pain from Poor WFH Setup,laptop-stand,Laptop Stand/Riser,"laptop stand adjustable height, laptop riser for desk, computer stand eye level",https://images.unsplash.com/photo-1541558869434-2840d308329a?w=400&h=400&fit=crop,,
Home Office,Back/Neck Pain from Poor WFH Setup,monitor-arm,Monitor Arm Mount,"monitor arm desk mount, adjustable monitor stand, monitor riser height adjustment",https://images.unsplash.com/photo-1541558869434-2840d308329a?w=400&h=400&fit=crop,,
Home Office,Back/Neck Pain from Poor WFH Setup,wrist-rest,Keyboard/Mouse Wrist Rest,"ergonomic wrist rest keyboard, mouse pad wrist support, memory foam wrist rest",https://images.unsplash.com/photo-1541558869434-2840d308329a?w=400&h=400&fit=crop,,
Home Office,Cluttered Desk / No Space for Everything,desktop-organizer,Desktop Organizer with Drawers,"desk organizer with drawers, desktop storage organizer, office desk organizer set",https://images.unsplash.com/photo-1556909190-eccf4a8bf97a?w=400&h=400&fit=crop,,
Home Office,Cluttered Desk / No Space for Everything,monitor-stand-storage,Monitor Stand with Storage,"monitor stand with drawer, computer riser with storage, desk shelf with USB",https://images.unsplash.com/photo-1541558869434-2840d308329a?w=400&h=400&fit=crop,,
Home Office,Cluttered Desk / No Space for Everything,desk-shelf-riser,Desk Shelf Riser,"desk shelf organizer, desktop shelf for monitor, computer desk organizer shelf",https://images.unsplash.com/photo-1556909190-eccf4a8bf97a?w=400&h=400&fit=crop,,
Home Office,Messy Video Call Background,room-divider,Room Divider Screen,"room divider screen folding, privacy screen home office, portable room partition",https://images.unsplash.com/photo-1586023492125-27b2c045efd7?w=400&h=400&fit=crop,,
Home Office,Messy Video Call Background,video-backdrop,Video Call Backdrop Panel,"webcam background screen, video call backdrop portable, zoom background panel",https://images.unsplash.com/photo-1586023492125-27b2c045efd7?w=400&h=400&fit=crop,,
Home Office,Messy Video Call Background,green-screen,Collapsible Green Screen,"collapsible green screen, portable green screen chair mount, webcam green screen",https://images.unsplash.com/photo-1586023492125-27b2c045efd7?w=400&h=400&fit=crop,,
Home Office,No Dedicated Office Space / Small Apartment,wall-mounted-desk,Folding Wall-Mounted Desk,"wall mounted folding desk, fold down desk small space, murphy desk fold out",https://images.unsplash.com/photo-1541558869434-2840d308329a?w=400&h=400&fit=crop,,
Home Office,No Dedicated Office Space / Small Apartment,corner-desk,Corner Desk Compact,"small corner desk, corner desk small spaces, compact corner computer desk",https://images.unsplash.com/photo-1541558869434-2840d308329a?w=400&h=400&fit=crop,,
Home Office,No Dedicated Office Space / Small Apartment,desk-with-storage,Desk with Built-in Storage,"desk with drawers and shelves, computer desk with storage, small desk with hutch",https://images.unsplash.com/photo-1541558869434-2840d308329a?w=400&h=400&fit=crop,,
Living Room,Saggy/Flat Couch Cushions,foam-insert,High-Density Foam Insert,"couch cushion foam replacement, high density foam couch, sofa cushion foam insert",https://images.unsplash.com/photo-1555041469-a586c61ea9bc?w=400&h=400&fit=crop,,
Living Room,Saggy/Flat Couch Cushions,cushion-support-board,Cushion Support Insert/Board,"couch cushion support insert, sagging sofa cushion support, furniture cushion support board",https://images.unsplash.com/photo-1555041469-a586c61ea9bc?w=400&h=400&fit=crop,,
Living Room,Saggy/Flat Couch Cushions,fiberfill-stuffing,Polyester Fiberfill Stuffing,"couch cushion stuffing, polyester fiberfill cushions, cushion refill stuffing",https://images.unsplash.com/photo-1555041469-a586c61ea9bc?w=400&h=400&fit=crop,,
Living Room,Saggy/Flat Couch Cushions,cushion-wrap,Cushion Wrap/Batting,"cushion wrap foam, dacron cushion wrap, sofa cushion batting",https://images.unsplash.com/photo-1555041469-a586c61ea9bc?w=400&h=400&fit=crop,,
Living Room,Pet-Damaged/Stained Furniture,pet-proof-slipcover,Pet-Proof Couch Slipcover,"waterproof couch cover pets, pet proof sofa cover, dog proof couch slipcover",https://images.unsplash.com/photo-1555041469-a586c61ea9bc?w=400&h=400&fit=crop,,
Living Room,Pet-Damaged/Stained Furniture,scratch-protector,Scratch-Resistant Furniture Protector,"cat scratch furniture protector, scratch guard couch cover, furniture protector dogs cats",https://images.unsplash.com/photo-1555041469-a586c61ea9bc?w=400&h=400&fit=crop,,
Living Room,Pet-Damaged/Stained Furniture,waterproof-pet-blanket,Waterproof Pet Blanket/Throw,"waterproof pet blanket couch, dog couch blanket washable, pet furniture throw waterproof",https://images.unsplash.com/photo-1555041469-a586c61ea9bc?w=400&h=400&fit=crop,,
Living Room,TV Cables Visible/Messy,cable-raceway,Cable Raceway/Cover Kit,"TV cord cover wall, cable raceway paintable, wall cable concealer kit",https://images.unsplash.com/photo-1558618666-fcd25c85cd64?w=400&h=400&fit=crop,,
Living Room,TV Cables Visible/Messy,in-wall-cable-kit,In-Wall Cable Management Kit,"in wall TV cable kit, TV wire hider through wall, in wall power kit TV",https://images.unsplash.com/photo-1558618666-fcd25c85cd64?w=400&h=400&fit=crop,,
Living Room,TV Cables Visible/Messy,tv-stand-cable-management,TV Stand with Cable Management,"TV stand cable management, entertainment center cord organizer, TV console hide wires",https://images.unsplash.com/photo-1586023492125-27b2c045efd7?w=400&h=400&fit=crop,,
Living Room,Small Living Room / Oversized Furniture,apartment-size-sofa,Apartment-Size Sofa,"apartment size sofa, small space couch, loveseat small living room",https://images.unsplash.com/photo-1555041469-a586c61ea9bc?w=400&h=400&fit=crop,,
Living Room,Small Living Room / Oversized Furniture,nesting-tables,Nesting Coffee Tables,"nesting coffee tables, stackable side tables, space saving coffee table",https://images.unsplash.com/photo-1586023492125-27b2c045efd7?w=400&h=400&fit=crop,,
Living Room,Small Living Room / Oversized Furniture,storage-ottoman,Storage Ottoman,"storage ottoman living room, ottoman with storage inside, footstool hidden storage",https://images.unsplash.com/photo-1555041469-a586c61ea9bc?w=400&h=400&fit=crop,,
Living Room,No Living Room Storage / Clutter Everywhere,storage-coffee-table,Storage Coffee Table,"coffee table with storage, lift top coffee table storage, coffee table with drawers",https://images.unsplash.com/photo-1586023492125-27b2c045efd7?w=400&h=400&fit=crop,,
Living Room,No Living Room Storage / Clutter Everywhere,fabric-storage-cubes,Fabric Storage Cubes/Bins,"storage cubes fabric bins, collapsible storage bins, living room storage baskets",https://images.unsplash.com/photo-1558618047-3c8c76ca7d13?w=400&h=400&fit=crop,,
Living Room,No Living Room Storage / Clutter Everywhere,console-table-shelves,Console Table with Shelves,"console table with storage, narrow console table shelves, entryway table with baskets",https://images.unsplash.com/photo-1586023492125-27b2c045efd7?w=400&h=400&fit=crop,,
Living Room,No Living Room Storage / Clutter Everywhere,storage-ottoman-cube,Ottoman with Storage,"storage ottoman cube, tufted storage ottoman, foldable storage ottoman",https://images.unsplash.com/photo-1555041469-a586c61ea9bc?w=400&h=400&fit=crop,,
Bedroom,Light Disrupting Sleep – Can't Block Outside Light,blackout-curtains,Blackout Curtains,"blackout curtains 100% room darkening, thermal blackout curtains bedroom, complete blackout drapes",https://images.unsplash.com/photo-1586023492125-27b2c045efd7?w=400&h=400&fit=crop,,
Bedroom,Light Disrupting Sleep – Can't Block Outside Light,sleep-mask,Sleep Eye Mask,"blackout sleep mask contoured, silk sleep mask light blocking, comfortable eye mask sleeping",https://images.unsplash.com/photo-1555041469-a586c61ea9bc?w=400&h=400&fit=crop,,
Bedroom,Light Disrupting Sleep – Can't Block Outside Light,blackout-window-film,Blackout Window Film,"blackout window film removable, static cling blackout film, privacy window darkening film",https://images.unsplash.com/photo-1586023492125-27b2c045efd7?w=400&h=400&fit=crop,,
Bedroom,Light Disrupting Sleep – Can't Block Outside Light,curtain-light-blockers,Curtain Gap Light Blockers,"curtain light blocker sides, curtain wrap around rod, magnetic curtain closure",https://images.unsplash.com/photo-1586023492125-27b2c045efd7?w=400&h=400&fit=crop,,
Bedroom,Noise Keeping You Awake,white-noise-machine,White Noise Machine,"white noise machine sleeping, sound machine sleep adults, white noise maker bedroom",https://images.unsplash.com/photo-1555041469-a586c61ea9bc?w=400&h=400&fit=crop,,
Bedroom,Noise Keeping You Awake,sleep-earplugs,Noise Reducing Earplugs,"sleep earplugs noise cancelling, earplugs sleeping soft, noise blocking ear plugs comfortable",https://images.unsplash.com/photo-1555041469-a586c61ea9bc?w=400&h=400&fit=crop,,
Bedroom,Noise Keeping You Awake,soundproof-curtains,Sound Dampening Curtains,"soundproof curtains bedroom, noise reducing curtains heavy, acoustic curtains windows",https://images.unsplash.com/photo-1586023492125-27b2c045efd7?w=400&h=400&fit=crop,,
Bedroom,Small Bedroom – No Room for Furniture or Storage,storage-bed-frame,Bed Frame with Built-In Storage,"platform bed with drawers, storage bed frame queen, bed with built in storage underneath",https://images.unsplash.com/photo-1555041469-a586c61ea9bc?w=400&h=400&fit=crop,,
Bedroom,Small Bedroom – No Room for Furniture or Storage,bed-risers,Bed Risers for Under-Bed Storage,"bed risers heavy duty, bed lifters for storage, adjustable bed risers tall",https://images.unsplash.com/photo-1555041469-a586c61ea9bc?w=400&h=400&fit=crop,,
Bedroom,Small Bedroom – No Room for Furniture or Storage,floating-nightstand,Floating Nightstand,"floating nightstand wall mount, bedside shelf small, wall mounted bedside table",https://images.unsplash.com/photo-1586023492125-27b2c045efd7?w=400&h=400&fit=crop,,
Bedroom,Small Bedroom – No Room for Furniture or Storage,over-bed-storage,Over-Bed Storage Shelf,"over bed shelf storage, headboard shelf attachment, bed surround storage unit",https://images.unsplash.com/photo-1586023492125-27b2c045efd7?w=400&h=400&fit=crop,,
Bedroom,Clothes Everywhere – No System for Worn-Once Items,clothes-valet,Clothes Valet Stand,"clothes valet stand bedroom, suit valet organizer, standing clothes butler",https://images.unsplash.com/photo-1554995207-c18c203602cb?w=400&h=400&fit=crop,,
Bedroom,Clothes Everywhere – No System for Worn-Once Items,over-door-clothes-hooks,Over-Door Clothes Hooks,"over door hooks clothes, door mounted coat rack, back of door hanger",https://images.unsplash.com/photo-1558618047-3c8c76ca7d13?w=400&h=400&fit=crop,,
Bedroom,Clothes Everywhere – No System for Worn-Once Items,decorative-ladder,Decorative Ladder Rack,"blanket ladder clothes, decorative leaning ladder, clothes ladder rack bedroom",https://images.unsplash.com/photo-1554995207-c18c203602cb?w=400&h=400&fit=crop,,
Bedroom,Clothes Everywhere – No System for Worn-Once Items,freestanding-clothes-rack,Freestanding Clothes Rack,"rolling garment rack bedroom, small clothes rack freestanding, portable wardrobe rack",https://images.unsplash.com/photo-1554995207-c18c203602cb?w=400&h=400&fit=crop,,
Bedroom,No Nightstand Space for Essentials,bedside-caddy,Bedside Caddy/Pocket Organizer,"bedside caddy organizer, bed pocket storage organizer, hanging bedside storage",https://images.unsplash.com/photo-1558618047-3c8c76ca7d13?w=400&h=400&fit=crop,,
Bedroom,No Nightstand Space for Essentials,clip-on-bed-shelf,Clip-On Bed Shelf,"bed shelf attachment, bunk bed shelf clip on, bedside tray clip",https://images.unsplash.com/photo-1586023492125-27b2c045efd7?w=400&h=400&fit=crop,,
Bedroom,No Nightstand Space for Essentials,adhesive-wall-pocket,Adhesive Wall Pocket,"adhesive phone holder wall, stick on bedside organizer, wall mount phone caddy",https://images.unsplash.com/photo-1558618666-fcd25c85cd64?w=400&h=400&fit=crop,,
Bedroom,No Nightstand Space for Essentials,c-table,C-Table/Slide Under Sofa Table,"C table side table bed, slide under table, laptop table for bed",https://images.unsplash.com/photo-1586023492125-27b2c045efd7?w=400&h=400&fit=crop,,
Bathroom,Shower Caddy Keeps Falling,adhesive-shower-shelf,Adhesive Mount Shower Shelf,"adhesive shower shelf, no drill shower caddy, stick on shower organizer",https://images.unsplash.com/photo-1558618047-3c8c76ca7d13?w=400&h=400&fit=crop,,
Bathroom,Shower Caddy Keeps Falling,tension-pole-caddy,Tension Pole Shower Caddy,"tension pole shower caddy, corner tension shower organizer, floor to ceiling shower shelf",https://images.unsplash.com/photo-1586023492125-27b2c045efd7?w=400&h=400&fit=crop,,
Bathroom,Shower Caddy Keeps Falling,hanging-showerhead-caddy,Hanging Over-Showerhead Caddy with Grip,"over showerhead caddy anti-slip, shower caddy hangs from showerhead",https://images.unsplash.com/photo-1558618047-3c8c76ca7d13?w=400&h=400&fit=crop,,
Bathroom,Shower Caddy Keeps Falling,corner-shower-shelf,Shower Corner Shelf (Permanent),"corner shower shelf tile, built-in shower caddy, shower niche insert",https://images.unsplash.com/photo-1586023492125-27b2c045efd7?w=400&h=400&fit=crop,,
Bathroom,No Medicine Cabinet/Vanity Storage,wall-medicine-cabinet,Wall-Mounted Medicine Cabinet,"wall mount medicine cabinet, bathroom wall cabinet, surface mount medicine cabinet",https://images.unsplash.com/photo-1586023492125-27b2c045efd7?w=400&h=400&fit=crop,,
Bathroom,No Medicine Cabinet/Vanity Storage,slim-bathroom-cabinet,Slim Freestanding Cabinet,"slim bathroom cabinet, narrow bathroom storage, tall thin bathroom cabinet",https://images.unsplash.com/photo-1586023492125-27b2c045efd7?w=400&h=400&fit=crop,,
Bathroom,No Medicine Cabinet/Vanity Storage,over-door-bathroom-organizer,Over-Door Hanging Organizer,"over door bathroom organizer, bathroom door storage, hanging bathroom caddy",https://images.unsplash.com/photo-1558618047-3c8c76ca7d13?w=400&h=400&fit=crop,,
Bathroom,No Medicine Cabinet/Vanity Storage,countertop-toiletry-organizer,Countertop Makeup/Toiletry Organizer,"bathroom counter organizer, makeup organizer bathroom, toiletry storage tray",https://images.unsplash.com/photo-1556909190-eccf4a8bf97a?w=400&h=400&fit=crop,,
Bathroom,Wasted Space Above Toilet,over-toilet-shelf,Over-the-Toilet Shelving Unit,"over toilet storage shelf, bathroom space saver, over toilet organizer",https://images.unsplash.com/photo-1586023492125-27b2c045efd7?w=400&h=400&fit=crop,,
Bathroom,Wasted Space Above Toilet,bathroom-floating-shelves,Floating Shelves,"bathroom floating shelves, wall shelves above toilet, wood floating shelf bathroom",https://images.unsplash.com/photo-1586023492125-27b2c045efd7?w=400&h=400&fit=crop,,
Bathroom,Wasted Space Above Toilet,over-toilet-cabinet,Over-the-Toilet Cabinet,"over toilet cabinet, bathroom cabinet over toilet, toilet storage cabinet doors",https://images.unsplash.com/photo-1586023492125-27b2c045efd7?w=400&h=400&fit=crop,,
Bathroom,Wasted Space Above Toilet,bathroom-ladder-shelf,Ladder Shelf Unit,"bathroom ladder shelf, leaning bathroom shelf, ladder storage bathroom",https://images.unsplash.com/photo-1586023492125-27b2c045efd7?w=400&h=400&fit=crop,,
Bathroom,Under-Sink Bathroom Cabinet Chaos,stackable-bathroom-bins,Stackable Storage Bins,"stackable bathroom bins, clear bathroom storage bins, under sink stackable organizer",https://images.unsplash.com/photo-1558618047-3c8c76ca7d13?w=400&h=400&fit=crop,,
Bathroom,Under-Sink Bathroom Cabinet Chaos,two-tier-under-sink,Two-Tier Under-Sink Organizer,"2 tier under sink shelf, bathroom under sink organizer, adjustable under sink rack",https://images.unsplash.com/photo-1556909190-eccf4a8bf97a?w=400&h=400&fit=crop,,
Bathroom,Under-Sink Bathroom Cabinet Chaos,pull-out-bathroom-drawers,Pull-Out Bathroom Drawers,"pull out bathroom organizer, sliding bathroom storage, under sink drawer organizer",https://images.unsplash.com/photo-1556909190-eccf4a8bf97a?w=400&h=400&fit=crop,,
Bathroom,Hair Tools Clutter & Heat Hazards,hair-tool-organizer,Hair Tool Organizer/Holder,"hair dryer holder wall mount, hair tool organizer, curling iron holder",https://images.unsplash.com/photo-1556909190-eccf4a8bf97a?w=400&h=400&fit=crop,,
Bathroom,Hair Tools Clutter & Heat Hazards,over-cabinet-hair-station,Over-Cabinet Hair Tool Station,"over cabinet door hair tool holder, cabinet door hair dryer holder",https://images.unsplash.com/photo-1558618047-3c8c76ca7d13?w=400&h=400&fit=crop,,
Bathroom,Hair Tools Clutter & Heat Hazards,heat-resistant-caddy,Heat-Resistant Hair Tool Caddy,"heat resistant hair tool holder, hot tool organizer bathroom, styling tool organizer",https://images.unsplash.com/photo-1556909190-eccf4a8bf97a?w=400&h=400&fit=crop,,
Pet Owners,Pet Hair on Furniture Clothes & Car Seats,lint-brush-roller,Reusable Lint Brush Roller,"reusable pet hair remover roller, ChomChom roller pet hair, lint-free pet brush",https://images.unsplash.com/photo-1601758228041-f3b2795255f1?w=400&h=400&fit=crop,,
Pet Owners,Pet Hair on Furniture Clothes & Car Seats,pet-hair-rake,Rubber Pet Hair Rake Tool,"carpet pet hair rake, rubber pet fur remover carpet, FurDozer pet hair tool",https://images.unsplash.com/photo-1601758228041-f3b2795255f1?w=400&h=400&fit=crop,,
Pet Owners,Pet Hair on Furniture Clothes & Car Seats,pet-hair-laundry,Pet Hair Laundry Remover,"FurZapper laundry pet hair, dryer pet hair remover balls, laundry fur catcher",https://images.unsplash.com/photo-1601758228041-f3b2795255f1?w=400&h=400&fit=crop,,
Pet Owners,Pet Hair on Furniture Clothes & Car Seats,deshedding-brush,Deshedding Brush,"FURminator deshedding tool, slicker brush self-cleaning, undercoat rake double coat dog",https://images.unsplash.com/photo-1601758228041-f3b2795255f1?w=400&h=400&fit=crop,,
Pet Owners,Litter Box Odor Permeating the House,odor-control-litter,Odor-Control Clumping Litter,"Arm and Hammer Clump Seal litter, odor control cat litter, activated charcoal cat litter",https://images.unsplash.com/photo-1574144611937-0df059b5ef3e?w=400&h=400&fit=crop,,
Pet Owners,Litter Box Odor Permeating the House,litter-disposal-pail,Litter Disposal Pail,"Litter Genie pail, litter disposal system odor lock, cat litter trash can sealed",https://images.unsplash.com/photo-1574144611937-0df059b5ef3e?w=400&h=400&fit=crop,,
Pet Owners,Litter Box Odor Permeating the House,air-purifier-pets,Air Purifier with Carbon Filter,"air purifier pets carbon filter, HEPA air purifier pet odor, room air cleaner pets",https://images.unsplash.com/photo-1574144611937-0df059b5ef3e?w=400&h=400&fit=crop,,
Pet Owners,Litter Box Odor Permeating the House,enzymatic-litter-deodorizer,Enzymatic Litter Deodorizer,"litter box deodorizer powder, baking soda cat litter additive, activated charcoal litter box",https://images.unsplash.com/photo-1574144611937-0df059b5ef3e?w=400&h=400&fit=crop,,
Pet Owners,Muddy Paws Tracking Dirt Through the House,paw-washer,Paw Washer/Plunger Cup,"portable paw cleaner cup, Dexas MudBuster paw washer, dog paw cleaning cup",https://images.unsplash.com/photo-1601758228041-f3b2795255f1?w=400&h=400&fit=crop,,
Pet Owners,Muddy Paws Tracking Dirt Through the House,absorbent-door-mat,High-Absorbent Door Mat,"dirty dog doormat microfiber, chenille dog door mat absorbent, mud mat dogs high pile",https://images.unsplash.com/photo-1601758228041-f3b2795255f1?w=400&h=400&fit=crop,,
Pet Owners,Muddy Paws Tracking Dirt Through the House,paw-cleaning-wipes,Dog Paw Cleaning Wipes,"pet paw wipes large dogs, dog grooming wipes paws, thick dog wipes feet",https://images.unsplash.com/photo-1601758228041-f3b2795255f1?w=400&h=400&fit=crop,,
Pet Owners,Muddy Paws Tracking Dirt Through the House,dog-booties,Dog Booties/Paw Protectors,"waterproof dog booties outdoor, dog rain boots muddy, paw protector shoes dogs",https://images.unsplash.com/photo-1601758228041-f3b2795255f1?w=400&h=400&fit=crop,,
Pet Owners,Messy Feeding Area & Water Spills,no-spill-bowl,No-Spill Water Bowl,"no spill dog water bowl, Slopper Stopper water bowl, anti-splash dog bowl",https://images.unsplash.com/photo-1574144611937-0df059b5ef3e?w=400&h=400&fit=crop,,
Pet Owners,Messy Feeding Area & Water Spills,elevated-feeding-station,Elevated Feeding Station with Catch Basin,"Neater Feeder elevated bowl, raised dog bowl drip tray, elevated dog feeder spill-proof",https://images.unsplash.com/photo-1574144611937-0df059b5ef3e?w=400&h=400&fit=crop,,
Pet Owners,Messy Feeding Area & Water Spills,waterproof-feeding-mat,Waterproof Feeding Mat,"silicone pet feeding mat large, waterproof dog food mat, dog bowl mat raised edges",https://images.unsplash.com/photo-1574144611937-0df059b5ef3e?w=400&h=400&fit=crop,,
Pet Owners,Messy Feeding Area & Water Spills,slow-feed-water-bowl,Slow-Feed Water Bowl,"slow drinking dog bowl, floating disk water bowl dogs, water dispenser bowl dogs",https://images.unsplash.com/photo-1574144611937-0df059b5ef3e?w=400&h=400&fit=crop,,
Pet Owners,Pet Urine Stains & Odors That Won't Go Away,enzymatic-cleaner,Enzymatic Pet Stain Cleaner,"Nature's Miracle enzymatic cleaner, enzyme pet urine cleaner carpet, bio enzyme pet stain remover",https://images.unsplash.com/photo-1558618047-3c8c76ca7d13?w=400&h=400&fit=crop,,
Pet Owners,Pet Urine Stains & Odors That Won't Go Away,uv-blacklight,UV Blacklight Urine Detector,"pet urine blacklight detector, UV flashlight pet stains, urine stain finder blacklight",https://images.unsplash.com/photo-1558618047-3c8c76ca7d13?w=400&h=400&fit=crop,,
Pet Owners,Pet Urine Stains & Odors That Won't Go Away,carpet-cleaner-machine,Carpet Cleaner Machine (Pet Formula),"Bissell pet carpet cleaner machine, portable carpet cleaner pet stains, pet stain carpet shampooer",https://images.unsplash.com/photo-1558618047-3c8c76ca7d13?w=400&h=400&fit=crop,,
Pet Owners,Pet Urine Stains & Odors That Won't Go Away,odor-eliminating-spray,Odor-Eliminating Spray,"pet odor neutralizer spray, Zero Odor pet eliminator, anti-icky poo odor remover",https://images.unsplash.com/photo-1558618047-3c8c76ca7d13?w=400&h=400&fit=crop,,
Cleaning,Grout Gets Dirty & Is Impossible to Clean,grout-cleaning-gel,Grout Cleaning Gel/Spray,"Zep grout cleaner brightener, grout cleaning gel pen, tile grout whitener spray",https://images.unsplash.com/photo-1558618047-3c8c76ca7d13?w=400&h=400&fit=crop,,
Cleaning,Grout Gets Dirty & Is Impossible to Clean,electric-grout-brush,Electric Grout Cleaning Brush,"electric grout scrubber brush, power grout cleaner drill attachment, oscillating grout cleaning tool",https://images.unsplash.com/photo-1558618047-3c8c76ca7d13?w=400&h=400&fit=crop,,
Cleaning,Grout Gets Dirty & Is Impossible to Clean,steam-cleaner-grout,Steam Cleaner with Grout Attachment,"handheld steam cleaner grout, steam mop grout brush head, steam cleaner tile floors",https://images.unsplash.com/photo-1558618047-3c8c76ca7d13?w=400&h=400&fit=crop,,
Cleaning,Grout Gets Dirty & Is Impossible to Clean,grout-sealer,Grout Sealer (Prevention),"grout sealer applicator, tile grout waterproof sealer, grout sealant pen",https://images.unsplash.com/photo-1558618047-3c8c76ca7d13?w=400&h=400&fit=crop,,
Cleaning,Streaky Windows & Glass Surfaces,ammonia-free-cleaner,Ammonia-Free Glass Cleaner,"Invisible Glass streak-free spray, ammonia free glass cleaner, professional glass cleaner no residue",https://images.unsplash.com/photo-1558618047-3c8c76ca7d13?w=400&h=400&fit=crop,,
Cleaning,Streaky Windows & Glass Surfaces,glass-microfiber,Glass-Specific Microfiber Cloths,"waffle weave glass microfiber towel, lint-free glass cleaning cloth, microfiber glass polishing towel",https://images.unsplash.com/photo-1558618047-3c8c76ca7d13?w=400&h=400&fit=crop,,
Cleaning,Streaky Windows & Glass Surfaces,window-squeegee,Window Squeegee,"professional window squeegee rubber, streak-free window squeegee, shower glass squeegee",https://images.unsplash.com/photo-1558618047-3c8c76ca7d13?w=400&h=400&fit=crop,,
Cleaning,Streaky Windows & Glass Surfaces,rubbing-alcohol,Rubbing Alcohol (Film Removal),"isopropyl alcohol glass cleaning, rubbing alcohol spray bottle, glass prep cleaner automotive",https://images.unsplash.com/photo-1558618047-3c8c76ca7d13?w=400&h=400&fit=crop,,
Cleaning,Dust Allergies Triggered by Cleaning,hepa-vacuum,HEPA Filter Vacuum,"HEPA vacuum pet allergies, sealed HEPA vacuum dust mites, allergy vacuum cleaner certified",https://images.unsplash.com/photo-1558618047-3c8c76ca7d13?w=400&h=400&fit=crop,,
Cleaning,Dust Allergies Triggered by Cleaning,air-purifier-hepa,Air Purifier with True HEPA,"HEPA air purifier dust allergies, air purifier dust mites bedroom, allergen air cleaner room",https://images.unsplash.com/photo-1558618047-3c8c76ca7d13?w=400&h=400&fit=crop,,
Cleaning,Dust Allergies Triggered by Cleaning,dust-trapping-cloths,Microfiber Dust-Trapping Cloths,"microfiber duster electrostatic, damp duster microfiber, dust-trapping cleaning cloth",https://images.unsplash.com/photo-1558618047-3c8c76ca7d13?w=400&h=400&fit=crop,,
Cleaning,Dust Allergies Triggered by Cleaning,allergen-covers,Mattress/Pillow Allergen Covers,"dust mite proof mattress cover, allergen pillow encasement zippered, hypoallergenic bedding protector",https://images.unsplash.com/photo-1555041469-a586c61ea9bc?w=400&h=400&fit=crop,,
Cleaning,Shower Soap Scum & Hard Water Buildup,soap-scum-spray,Soap Scum Dissolving Spray,"Kaboom soap scum remover, bathroom soap scum spray, shower scum dissolver cleaner",https://images.unsplash.com/photo-1558618047-3c8c76ca7d13?w=400&h=400&fit=crop,,
Cleaning,Shower Soap Scum & Hard Water Buildup,daily-shower-spray,Daily Shower Spray (Prevention),"daily shower spray no scrub, Method daily shower cleaner, shower spray after every use",https://images.unsplash.com/photo-1558618047-3c8c76ca7d13?w=400&h=400&fit=crop,,
Cleaning,Shower Soap Scum & Hard Water Buildup,hard-water-remover,Hard Water Stain Remover,"CLR calcium lime rust remover, hard water stain remover glass, lime scale remover spray",https://images.unsplash.com/photo-1558618047-3c8c76ca7d13?w=400&h=400&fit=crop,,
Cleaning,Shower Soap Scum & Hard Water Buildup,shower-door-squeegee,Shower Door Squeegee,"shower door squeegee with hook, daily squeegee bathroom, glass squeegee suction cup holder",https://images.unsplash.com/photo-1558618047-3c8c76ca7d13?w=400&h=400&fit=crop,,
Cleaning,Cleaning Takes Too Long / Overwhelming Clutter,robot-vacuum,Robot Vacuum,"robot vacuum automatic scheduling, Roomba pet hair robot, self-emptying robot vacuum",https://images.unsplash.com/photo-1558618047-3c8c76ca7d13?w=400&h=400&fit=crop,,
Cleaning,Cleaning Takes Too Long / Overwhelming Clutter,multi-surface-cleaner,Multi-Surface Cleaning System,"all-in-one floor cleaner mop vacuum, Bissell CrossWave multi-surface, wet dry vacuum floor cleaner",https://images.unsplash.com/photo-1558618047-3c8c76ca7d13?w=400&h=400&fit=crop,,
Cleaning,Cleaning Takes Too Long / Overwhelming Clutter,microfiber-cleaning-kit,Microfiber Cleaning Tool Kit,"microfiber mop system starter kit, cleaning caddy supplies organizer, multi-purpose cleaning cloth set",https://images.unsplash.com/photo-1558618047-3c8c76ca7d13?w=400&h=400&fit=crop,,
Cleaning,Cleaning Takes Too Long / Overwhelming Clutter,scrub-free-cleaner,Scrub-Free Bathroom Cleaner,"no scrub bathroom cleaner spray, toilet bowl cleaner automatic, hands-free shower cleaner",https://images.unsplash.com/photo-1558618047-3c8c76ca7d13?w=400&h=400&fit=crop,,